{"cameraMode":{"drawMode":0,"name":"Shaded","section":"Shading Mode"},"sceneLighting":true,"audioPlay":false,"sceneViewState":{"showFog":true,"showMaterialUpdate":false,"showSkybox":true,"showFlares":true,"showImageEffects":true,"showParticleSystems":true},"in2DMode":false,"pivot":{"x":-8.652103424072266,"y":-26.351104736328126,"z":-6.823955535888672},"rotation":{"x":-0.13094063103199006,"y":0.8636446595191956,"z":-0.39223477244377139,"w":-0.2883129417896271},"size":82.63533782958985,"orthographic":false}