{"cameraMode":{"drawMode":0,"name":"Shaded","section":"Shading Mode"},"sceneLighting":true,"audioPlay":false,"sceneViewState":{"showFog":true,"showMaterialUpdate":false,"showSkybox":true,"showFlares":true,"showImageEffects":true,"showParticleSystems":true},"in2DMode":false,"pivot":{"x":0.4916820526123047,"y":-13.726261138916016,"z":9.864480972290039},"rotation":{"x":-0.14472131431102754,"y":0.8535155653953552,"z":-0.3230304718017578,"w":-0.3823850154876709},"size":47.901554107666019,"orthographic":false}